Time,UUID,LocalName,RSSI,MedianRSSI
2014-09-18T16:05:04+02:00,75553192bc57,0,-69,-69
2014-09-18T16:05:04+02:00,75553192bc57,0,-69,-69
2014-09-18T16:05:04+02:00,75553192bc57,0,-68,-69
2014-09-18T16:05:04+02:00,75553192bc57,0,-68,-68.5
2014-09-18T16:05:04+02:00,75553192bc57,0,-71,-69
2014-09-18T16:05:04+02:00,75553192bc57,0,-71,-69
2014-09-18T16:05:04+02:00,75553192bc57,0,-72,-69
2014-09-18T16:05:04+02:00,75553192bc57,0,-69,-69
2014-09-18T16:05:04+02:00,75553192bc57,0,-68,-69
2014-09-18T16:05:04+02:00,75553192bc57,0,-71,-71
2014-09-18T16:05:04+02:00,75553192bc57,0,-69,-71
2014-09-18T16:05:04+02:00,75553192bc57,0,-67,-69
2014-09-18T16:05:04+02:00,75553192bc57,0,-70,-69
2014-09-18T16:05:04+02:00,75553192bc57,0,-67,-69
2014-09-18T16:05:04+02:00,75553192bc57,0,-67,-68
2014-09-18T16:05:04+02:00,75553192bc57,0,-73,-69
2014-09-18T16:05:04+02:00,75553192bc57,0,-71,-69
2014-09-18T16:05:04+02:00,75553192bc57,0,-70,-70
2014-09-18T16:05:04+02:00,75553192bc57,0,-72,-70
2014-09-18T16:05:05+02:00,75553192bc57,0,-68,-70
2014-09-18T16:05:05+02:00,75553192bc57,0,-69,-70
2014-09-18T16:05:05+02:00,75553192bc57,0,-69,-70
2014-09-18T16:05:05+02:00,75553192bc57,0,-75,-70
2014-09-18T16:05:05+02:00,75553192bc57,0,-68,-69
2014-09-18T16:05:05+02:00,75553192bc57,0,-72,-69
2014-09-18T16:05:05+02:00,75553192bc57,0,-70,-69
2014-09-18T16:05:05+02:00,75553192bc57,0,-70,-70
2014-09-18T16:05:05+02:00,75553192bc57,0,-68,-70
2014-09-18T16:05:05+02:00,75553192bc57,0,-65,-70
2014-09-18T16:05:05+02:00,75553192bc57,0,-66,-68
2014-09-18T16:05:05+02:00,75553192bc57,0,-66,-68
2014-09-18T16:05:05+02:00,75553192bc57,0,-72,-68
2014-09-18T16:05:05+02:00,75553192bc57,0,-70,-68
2014-09-18T16:05:05+02:00,75553192bc57,0,-67,-67
2014-09-18T16:05:05+02:00,75553192bc57,0,-71,-67
2014-09-18T16:05:05+02:00,75553192bc57,0,-72,-70
2014-09-18T16:05:05+02:00,75553192bc57,0,-77,-71
2014-09-18T16:05:05+02:00,75553192bc57,0,-71,-71
2014-09-18T16:05:05+02:00,75553192bc57,0,-71,-71
2014-09-18T16:05:05+02:00,75553192bc57,0,-74,-71
2014-09-18T16:05:05+02:00,75553192bc57,0,-69,-71
2014-09-18T16:05:05+02:00,75553192bc57,0,-68,-71
2014-09-18T16:05:05+02:00,75553192bc57,0,-67,-71
2014-09-18T16:05:05+02:00,75553192bc57,0,-68,-69
2014-09-18T16:05:06+02:00,75553192bc57,0,-66,-68
2014-09-18T16:05:06+02:00,75553192bc57,0,-69,-68
2014-09-18T16:05:06+02:00,75553192bc57,0,-70,-68
2014-09-18T16:05:06+02:00,75553192bc57,0,-74,-68
2014-09-18T16:05:06+02:00,75553192bc57,0,-73,-69
2014-09-18T16:05:06+02:00,75553192bc57,0,-73,-70
2014-09-18T16:05:06+02:00,75553192bc57,0,-75,-73
2014-09-18T16:05:06+02:00,75553192bc57,0,-66,-73
2014-09-18T16:05:06+02:00,75553192bc57,0,-65,-73
2014-09-18T16:05:06+02:00,75553192bc57,0,-75,-73
2014-09-18T16:05:06+02:00,75553192bc57,0,-74,-73
2014-09-18T16:05:06+02:00,75553192bc57,0,-73,-73
2014-09-18T16:05:06+02:00,75553192bc57,0,-71,-73
2014-09-18T16:05:06+02:00,75553192bc57,0,-71,-71
2014-09-18T16:05:06+02:00,75553192bc57,0,-69,-71
2014-09-18T16:05:06+02:00,75553192bc57,0,-69,-71
2014-09-18T16:05:06+02:00,75553192bc57,0,-67,-71
2014-09-18T16:05:06+02:00,75553192bc57,0,-64,-69
2014-09-18T16:05:06+02:00,75553192bc57,0,-64,-69
2014-09-18T16:05:06+02:00,75553192bc57,0,-65,-67
2014-09-18T16:05:06+02:00,75553192bc57,0,-64,-65
2014-09-18T16:05:06+02:00,75553192bc57,0,-76,-65
2014-09-18T16:05:06+02:00,75553192bc57,0,-77,-65
2014-09-18T16:05:06+02:00,75553192bc57,0,-74,-65
2014-09-18T16:05:06+02:00,75553192bc57,0,-78,-74
2014-09-18T16:05:06+02:00,75553192bc57,0,-75,-75
2014-09-18T16:05:07+02:00,75553192bc57,0,-72,-75
2014-09-18T16:05:07+02:00,75553192bc57,0,-75,-75
2014-09-18T16:05:07+02:00,75553192bc57,0,-74,-75
2014-09-18T16:05:07+02:00,75553192bc57,0,-74,-74
2014-09-18T16:05:07+02:00,75553192bc57,0,-76,-75
2014-09-18T16:05:07+02:00,75553192bc57,0,-77,-75
2014-09-18T16:05:07+02:00,75553192bc57,0,-80,-75
2014-09-18T16:05:07+02:00,75553192bc57,0,-64,-75
2014-09-18T16:05:07+02:00,75553192bc57,0,-66,-74
2014-09-18T16:05:07+02:00,75553192bc57,0,-64,-74
2014-09-18T16:05:07+02:00,75553192bc57,0,-64,-66
2014-09-18T16:05:07+02:00,75553192bc57,0,-64,-64
2014-09-18T16:05:07+02:00,75553192bc57,0,-80,-64
2014-09-18T16:05:07+02:00,75553192bc57,0,-83,-64
2014-09-18T16:05:07+02:00,75553192bc57,0,-84,-66
2014-09-18T16:05:07+02:00,75553192bc57,0,-83,-80
2014-09-18T16:05:07+02:00,75553192bc57,0,-78,-80
2014-09-18T16:05:07+02:00,75553192bc57,0,-80,-80
2014-09-18T16:05:07+02:00,75553192bc57,0,-81,-81
2014-09-18T16:05:07+02:00,75553192bc57,0,-74,-81
2014-09-18T16:05:07+02:00,75553192bc57,0,-77,-80
2014-09-18T16:05:07+02:00,75553192bc57,0,-77,-78
2014-09-18T16:05:07+02:00,75553192bc57,0,-78,-78
2014-09-18T16:05:07+02:00,75553192bc57,0,-75,-77
2014-09-18T16:05:07+02:00,75553192bc57,0,-75,-77
2014-09-18T16:05:07+02:00,75553192bc57,0,-70,-75
2014-09-18T16:05:07+02:00,75553192bc57,0,-74,-75
2014-09-18T16:05:07+02:00,75553192bc57,0,-69,-75
2014-09-18T16:05:07+02:00,75553192bc57,0,-73,-74
2014-09-18T16:05:08+02:00,75553192bc57,0,-71,-73
2014-09-18T16:05:08+02:00,75553192bc57,0,-72,-72
2014-09-18T16:05:08+02:00,75553192bc57,0,-72,-72
2014-09-18T16:05:08+02:00,75553192bc57,0,-74,-72
2014-09-18T16:05:08+02:00,75553192bc57,0,-77,-72
2014-09-18T16:05:08+02:00,75553192bc57,0,-75,-73
2014-09-18T16:05:08+02:00,75553192bc57,0,-71,-72
2014-09-18T16:05:08+02:00,75553192bc57,0,-69,-72
2014-09-18T16:05:08+02:00,75553192bc57,0,-68,-72
2014-09-18T16:05:08+02:00,75553192bc57,0,-68,-71
2014-09-18T16:05:08+02:00,75553192bc57,0,-68,-69
2014-09-18T16:05:08+02:00,75553192bc57,0,-68,-68
2014-09-18T16:05:08+02:00,75553192bc57,0,-67,-68
2014-09-18T16:05:08+02:00,75553192bc57,0,-67,-68
2014-09-18T16:05:08+02:00,75553192bc57,0,-73,-68
2014-09-18T16:05:08+02:00,75553192bc57,0,-75,-68
2014-09-18T16:05:08+02:00,75553192bc57,0,-84,-68
2014-09-18T16:05:08+02:00,75553192bc57,0,-83,-73
2014-09-18T16:05:08+02:00,75553192bc57,0,-80,-75
2014-09-18T16:05:08+02:00,75553192bc57,0,-78,-78
2014-09-18T16:05:08+02:00,75553192bc57,0,-79,-79
2014-09-18T16:05:08+02:00,75553192bc57,0,-68,-79
2014-09-18T16:05:09+02:00,75553192bc57,0,-69,-79
2014-09-18T16:05:09+02:00,75553192bc57,0,-69,-78
2014-09-18T16:05:09+02:00,75553192bc57,0,-86,-78
2014-09-18T16:05:09+02:00,75553192bc57,0,-84,-78
2014-09-18T16:05:09+02:00,75553192bc57,0,-69,-69
2014-09-18T16:05:09+02:00,75553192bc57,0,-71,-69
2014-09-18T16:05:09+02:00,75553192bc57,0,-71,-71
2014-09-18T16:05:09+02:00,75553192bc57,0,-71,-71
2014-09-18T16:05:09+02:00,75553192bc57,0,-71,-71
2014-09-18T16:05:09+02:00,75553192bc57,0,-71,-71
2014-09-18T16:05:09+02:00,75553192bc57,0,-70,-71
2014-09-18T16:05:09+02:00,75553192bc57,0,-71,-71
2014-09-18T16:05:09+02:00,75553192bc57,0,-71,-71
2014-09-18T16:05:09+02:00,75553192bc57,0,-70,-71
2014-09-18T16:05:09+02:00,75553192bc57,0,-71,-71
2014-09-18T16:05:09+02:00,75553192bc57,0,-70,-71
2014-09-18T16:05:09+02:00,75553192bc57,0,-77,-71
2014-09-18T16:05:09+02:00,75553192bc57,0,-78,-71
2014-09-18T16:05:09+02:00,75553192bc57,0,-78,-71
2014-09-18T16:05:09+02:00,75553192bc57,0,-74,-74
2014-09-18T16:05:09+02:00,75553192bc57,0,-74,-74
2014-09-18T16:05:09+02:00,75553192bc57,0,-68,-74
2014-09-18T16:05:09+02:00,75553192bc57,0,-68,-74
2014-09-18T16:05:09+02:00,75553192bc57,0,-68,-74
2014-09-18T16:05:09+02:00,75553192bc57,0,-68,-68
2014-09-18T16:05:09+02:00,75553192bc57,0,-68,-68
2014-09-18T16:05:09+02:00,75553192bc57,0,-76,-68
2014-09-18T16:05:10+02:00,75553192bc57,0,-73,-68
2014-09-18T16:05:10+02:00,75553192bc57,0,-74,-68
2014-09-18T16:05:10+02:00,75553192bc57,0,-75,-73
2014-09-18T16:05:10+02:00,75553192bc57,0,-68,-73
2014-09-18T16:05:10+02:00,75553192bc57,0,-67,-73
2014-09-18T16:05:10+02:00,75553192bc57,0,-68,-73
2014-09-18T16:05:10+02:00,75553192bc57,0,-74,-73
2014-09-18T16:05:10+02:00,75553192bc57,0,-74,-74
2014-09-18T16:05:10+02:00,75553192bc57,0,-76,-74
2014-09-18T16:05:10+02:00,75553192bc57,0,-72,-72
2014-09-18T16:05:10+02:00,75553192bc57,0,-73,-73
2014-09-18T16:05:10+02:00,75553192bc57,0,-72,-73
2014-09-18T16:05:10+02:00,75553192bc57,0,-73,-73
2014-09-18T16:05:10+02:00,75553192bc57,0,-72,-73
2014-09-18T16:05:10+02:00,75553192bc57,0,-73,-73
2014-09-18T16:05:10+02:00,75553192bc57,0,-66,-72
2014-09-18T16:05:10+02:00,75553192bc57,0,-67,-72
2014-09-18T16:05:10+02:00,75553192bc57,0,-67,-72
2014-09-18T16:05:10+02:00,75553192bc57,0,-67,-67
2014-09-18T16:05:10+02:00,75553192bc57,0,-67,-67
2014-09-18T16:05:10+02:00,75553192bc57,0,-81,-67
2014-09-18T16:05:10+02:00,75553192bc57,0,-86,-67
2014-09-18T16:05:10+02:00,75553192bc57,0,-73,-67
2014-09-18T16:05:10+02:00,75553192bc57,0,-72,-72
2014-09-18T16:05:10+02:00,75553192bc57,0,-72,-72
2014-09-18T16:05:10+02:00,75553192bc57,0,-68,-72
2014-09-18T16:05:11+02:00,75553192bc57,0,-69,-72
2014-09-18T16:05:11+02:00,75553192bc57,0,-69,-72
2014-09-18T16:05:11+02:00,75553192bc57,0,-82,-72
2014-09-18T16:05:11+02:00,75553192bc57,0,-81,-72
2014-09-18T16:05:11+02:00,75553192bc57,0,-70,-70
2014-09-18T16:05:11+02:00,75553192bc57,0,-70,-70
2014-09-18T16:05:11+02:00,75553192bc57,0,-69,-70
2014-09-18T16:05:11+02:00,75553192bc57,0,-69,-70
2014-09-18T16:05:11+02:00,75553192bc57,0,-70,-70
2014-09-18T16:05:11+02:00,75553192bc57,0,-71,-70
2014-09-18T16:05:11+02:00,75553192bc57,0,-72,-70
2014-09-18T16:05:11+02:00,75553192bc57,0,-74,-70
2014-09-18T16:05:11+02:00,75553192bc57,0,-74,-71
2014-09-18T16:05:11+02:00,75553192bc57,0,-76,-72
2014-09-18T16:05:11+02:00,75553192bc57,0,-81,-74
2014-09-18T16:05:11+02:00,75553192bc57,0,-80,-74
2014-09-18T16:05:11+02:00,75553192bc57,0,-68,-74
2014-09-18T16:05:11+02:00,75553192bc57,0,-68,-74
2014-09-18T16:05:11+02:00,75553192bc57,0,-68,-74
2014-09-18T16:05:11+02:00,75553192bc57,0,-68,-68
2014-09-18T16:05:11+02:00,75553192bc57,0,-71,-68
2014-09-18T16:05:11+02:00,75553192bc57,0,-71,-68
2014-09-18T16:05:11+02:00,75553192bc57,0,-68,-68
2014-09-18T16:05:11+02:00,75553192bc57,0,-71,-68
2014-09-18T16:05:11+02:00,75553192bc57,0,-71,-71
2014-09-18T16:05:11+02:00,75553192bc57,0,-71,-71
2014-09-18T16:05:11+02:00,75553192bc57,0,-72,-71
2014-09-18T16:05:11+02:00,75553192bc57,0,-71,-71
2014-09-18T16:05:12+02:00,75553192bc57,0,-72,-71
2014-09-18T16:05:12+02:00,75553192bc57,0,-75,-71
2014-09-18T16:05:12+02:00,75553192bc57,0,-73,-72
2014-09-18T16:05:12+02:00,75553192bc57,0,-72,-72
2014-09-18T16:05:12+02:00,75553192bc57,0,-73,-72
2014-09-18T16:05:12+02:00,75553192bc57,0,-69,-72
2014-09-18T16:05:12+02:00,75553192bc57,0,-71,-72
2014-09-18T16:05:12+02:00,75553192bc57,0,-72,-72
2014-09-18T16:05:12+02:00,75553192bc57,0,-69,-72
2014-09-18T16:05:12+02:00,75553192bc57,0,-69,-71
2014-09-18T16:05:12+02:00,75553192bc57,0,-70,-70
2014-09-18T16:05:12+02:00,75553192bc57,0,-78,-70
2014-09-18T16:05:12+02:00,75553192bc57,0,-78,-71
2014-09-18T16:05:12+02:00,75553192bc57,0,-74,-72
2014-09-18T16:05:12+02:00,75553192bc57,0,-71,-71
2014-09-18T16:05:12+02:00,75553192bc57,0,-72,-72
2014-09-18T16:05:12+02:00,75553192bc57,0,-72,-72
2014-09-18T16:05:12+02:00,75553192bc57,0,-74,-74
2014-09-18T16:05:12+02:00,75553192bc57,0,-73,-73
2014-09-18T16:05:12+02:00,75553192bc57,0,-75,-73
2014-09-18T16:05:12+02:00,75553192bc57,0,-75,-73
2014-09-18T16:05:12+02:00,75553192bc57,0,-77,-74
2014-09-18T16:05:12+02:00,75553192bc57,0,-79,-75
2014-09-18T16:05:12+02:00,75553192bc57,0,-76,-75
2014-09-18T16:05:12+02:00,75553192bc57,0,-81,-76
2014-09-18T16:05:12+02:00,75553192bc57,0,-76,-76
2014-09-18T16:05:13+02:00,75553192bc57,0,-69,-76
2014-09-18T16:05:13+02:00,75553192bc57,0,-70,-76
2014-09-18T16:05:13+02:00,75553192bc57,0,-69,-76
2014-09-18T16:05:13+02:00,75553192bc57,0,-79,-76
2014-09-18T16:05:13+02:00,75553192bc57,0,-73,-73
2014-09-18T16:05:13+02:00,75553192bc57,0,-76,-73
2014-09-18T16:05:13+02:00,75553192bc57,0,-74,-73
2014-09-18T16:05:13+02:00,75553192bc57,0,-71,-73
2014-09-18T16:05:13+02:00,75553192bc57,0,-71,-73
2014-09-18T16:05:13+02:00,75553192bc57,0,-84,-74
2014-09-18T16:05:13+02:00,75553192bc57,0,-78,-74
2014-09-18T16:05:13+02:00,75553192bc57,0,-73,-74
2014-09-18T16:05:13+02:00,75553192bc57,0,-70,-73
2014-09-18T16:05:13+02:00,75553192bc57,0,-71,-71
2014-09-18T16:05:13+02:00,75553192bc57,0,-71,-71
2014-09-18T16:05:13+02:00,75553192bc57,0,-73,-73
2014-09-18T16:05:13+02:00,75553192bc57,0,-74,-73
2014-09-18T16:05:13+02:00,75553192bc57,0,-67,-71
2014-09-18T16:05:13+02:00,75553192bc57,0,-68,-71
2014-09-18T16:05:13+02:00,75553192bc57,0,-68,-71
2014-09-18T16:05:13+02:00,75553192bc57,0,-68,-68
2014-09-18T16:05:13+02:00,75553192bc57,0,-67,-68
2014-09-18T16:05:13+02:00,75553192bc57,0,-66,-68
2014-09-18T16:05:13+02:00,75553192bc57,0,-67,-67
2014-09-18T16:05:13+02:00,75553192bc57,0,-65,-67
2014-09-18T16:05:13+02:00,75553192bc57,0,-71,-67
2014-09-18T16:05:13+02:00,75553192bc57,0,-70,-67
2014-09-18T16:05:13+02:00,75553192bc57,0,-70,-67
2014-09-18T16:05:14+02:00,75553192bc57,0,-71,-70
2014-09-18T16:05:14+02:00,75553192bc57,0,-75,-70
2014-09-18T16:05:14+02:00,75553192bc57,0,-75,-71
2014-09-18T16:05:14+02:00,75553192bc57,0,-82,-71
2014-09-18T16:05:14+02:00,75553192bc57,0,-77,-75
2014-09-18T16:05:14+02:00,75553192bc57,0,-74,-75
2014-09-18T16:05:14+02:00,75553192bc57,0,-75,-75
2014-09-18T16:05:14+02:00,75553192bc57,0,-75,-75
2014-09-18T16:05:14+02:00,75553192bc57,0,-72,-75
2014-09-18T16:05:14+02:00,75553192bc57,0,-71,-75
2014-09-18T16:05:14+02:00,75553192bc57,0,-71,-74
2014-09-18T16:05:14+02:00,75553192bc57,0,-70,-72
2014-09-18T16:05:14+02:00,75553192bc57,0,-70,-71
2014-09-18T16:05:14+02:00,75553192bc57,0,-71,-71
2014-09-18T16:05:14+02:00,75553192bc57,0,-71,-71
2014-09-18T16:05:14+02:00,75553192bc57,0,-77,-71
2014-09-18T16:05:14+02:00,75553192bc57,0,-76,-71
2014-09-18T16:05:14+02:00,75553192bc57,0,-74,-71
2014-09-18T16:05:14+02:00,75553192bc57,0,-73,-73
2014-09-18T16:05:14+02:00,75553192bc57,0,-75,-74
2014-09-18T16:05:14+02:00,75553192bc57,0,-81,-75
2014-09-18T16:05:14+02:00,75553192bc57,0,-69,-75
2014-09-18T16:05:14+02:00,75553192bc57,0,-72,-74
2014-09-18T16:05:14+02:00,75553192bc57,0,-72,-73
2014-09-18T16:05:14+02:00,75553192bc57,0,-71,-72
2014-09-18T16:05:14+02:00,75553192bc57,0,-74,-72
2014-09-18T16:05:15+02:00,75553192bc57,0,-72,-72
2014-09-18T16:05:15+02:00,75553192bc57,0,-74,-72
2014-09-18T16:05:15+02:00,75553192bc57,0,-77,-72
2014-09-18T16:05:15+02:00,75553192bc57,0,-78,-74
2014-09-18T16:05:15+02:00,75553192bc57,0,-77,-74
2014-09-18T16:05:15+02:00,75553192bc57,0,-78,-77
2014-09-18T16:05:15+02:00,75553192bc57,0,-78,-77
2014-09-18T16:05:15+02:00,75553192bc57,0,-77,-77
2014-09-18T16:05:15+02:00,75553192bc57,0,-77,-77
2014-09-18T16:05:15+02:00,75553192bc57,0,-77,-77
2014-09-18T16:05:15+02:00,75553192bc57,0,-71,-77
2014-09-18T16:05:15+02:00,75553192bc57,0,-71,-77
2014-09-18T16:05:15+02:00,75553192bc57,0,-71,-77
2014-09-18T16:05:15+02:00,75553192bc57,0,-70,-71
2014-09-18T16:05:15+02:00,75553192bc57,0,-71,-71
2014-09-18T16:05:15+02:00,75553192bc57,0,-68,-71
2014-09-18T16:05:15+02:00,75553192bc57,0,-71,-71
2014-09-18T16:05:15+02:00,75553192bc57,0,-71,-71
2014-09-18T16:05:15+02:00,75553192bc57,0,-71,-71
2014-09-18T16:05:15+02:00,75553192bc57,0,-71,-71
2014-09-18T16:05:15+02:00,75553192bc57,0,-71,-71
2014-09-18T16:05:15+02:00,75553192bc57,0,-71,-71
2014-09-18T16:05:15+02:00,75553192bc57,0,-71,-71
2014-09-18T16:05:15+02:00,75553192bc57,0,-71,-71
2014-09-18T16:05:15+02:00,75553192bc57,0,-78,-71
2014-09-18T16:05:15+02:00,75553192bc57,0,-79,-71
2014-09-18T16:05:15+02:00,75553192bc57,0,-80,-71
2014-09-18T16:05:15+02:00,75553192bc57,0,-72,-72
2014-09-18T16:05:15+02:00,75553192bc57,0,-73,-73
2014-09-18T16:05:16+02:00,75553192bc57,0,-73,-73
2014-09-18T16:05:16+02:00,75553192bc57,0,-73,-73
2014-09-18T16:05:16+02:00,75553192bc57,0,-73,-73
2014-09-18T16:05:16+02:00,75553192bc57,0,-71,-73
2014-09-18T16:05:16+02:00,75553192bc57,0,-71,-73
2014-09-18T16:05:16+02:00,75553192bc57,0,-71,-73
2014-09-18T16:05:16+02:00,75553192bc57,0,-71,-71
2014-09-18T16:05:16+02:00,75553192bc57,0,-72,-71
2014-09-18T16:05:16+02:00,75553192bc57,0,-72,-71
2014-09-18T16:05:16+02:00,75553192bc57,0,-72,-71
2014-09-18T16:05:16+02:00,75553192bc57,0,-72,-72
2014-09-18T16:05:16+02:00,75553192bc57,0,-80,-72
2014-09-18T16:05:16+02:00,75553192bc57,0,-79,-72
2014-09-18T16:05:16+02:00,75553192bc57,0,-78,-72
2014-09-18T16:05:16+02:00,75553192bc57,0,-77,-77
2014-09-18T16:05:16+02:00,75553192bc57,0,-75,-77
2014-09-18T16:05:16+02:00,75553192bc57,0,-74,-77
2014-09-18T16:05:16+02:00,75553192bc57,0,-72,-77
2014-09-18T16:05:16+02:00,75553192bc57,0,-71,-75
2014-09-18T16:05:16+02:00,75553192bc57,0,-71,-74
2014-09-18T16:05:16+02:00,75553192bc57,0,-70,-72
2014-09-18T16:05:16+02:00,75553192bc57,0,-67,-71
2014-09-18T16:05:16+02:00,75553192bc57,0,-67,-71
2014-09-18T16:05:16+02:00,75553192bc57,0,-67,-70
2014-09-18T16:05:16+02:00,75553192bc57,0,-69,-69
2014-09-18T16:05:16+02:00,75553192bc57,0,-69,-69
2014-09-18T16:05:16+02:00,75553192bc57,0,-68,-68
2014-09-18T16:05:16+02:00,75553192bc57,0,-69,-68
2014-09-18T16:05:16+02:00,75553192bc57,0,-68,-68
2014-09-18T16:05:17+02:00,75553192bc57,0,-69,-69
2014-09-18T16:05:17+02:00,75553192bc57,0,-68,-69
2014-09-18T16:05:17+02:00,75553192bc57,0,-69,-69
2014-09-18T16:05:17+02:00,75553192bc57,0,-69,-69
2014-09-18T16:05:17+02:00,75553192bc57,0,-73,-69
2014-09-18T16:05:17+02:00,75553192bc57,0,-72,-69
2014-09-18T16:05:17+02:00,75553192bc57,0,-72,-69
2014-09-18T16:05:17+02:00,75553192bc57,0,-71,-71
2014-09-18T16:05:17+02:00,75553192bc57,0,-70,-71
2014-09-18T16:05:17+02:00,75553192bc57,0,-70,-71
2014-09-18T16:05:17+02:00,75553192bc57,0,-68,-71
2014-09-18T16:05:17+02:00,75553192bc57,0,-68,-70
2014-09-18T16:05:17+02:00,75553192bc57,0,-68,-70
2014-09-18T16:05:17+02:00,75553192bc57,0,-67,-68
2014-09-18T16:05:17+02:00,75553192bc57,0,-64,-68
2014-09-18T16:05:17+02:00,75553192bc57,0,-67,-68
2014-09-18T16:05:17+02:00,75553192bc57,0,-69,-68
2014-09-18T16:05:17+02:00,75553192bc57,0,-70,-68
2014-09-18T16:05:17+02:00,75553192bc57,0,-70,-68
2014-09-18T16:05:17+02:00,75553192bc57,0,-68,-68
2014-09-18T16:05:17+02:00,75553192bc57,0,-72,-69
2014-09-18T16:05:17+02:00,75553192bc57,0,-66,-69
2014-09-18T16:05:17+02:00,75553192bc57,0,-66,-69
2014-09-18T16:05:17+02:00,75553192bc57,0,-67,-68
2014-09-18T16:05:17+02:00,75553192bc57,0,-68,-68
2014-09-18T16:05:17+02:00,75553192bc57,0,-69,-68
2014-09-18T16:05:17+02:00,75553192bc57,0,-69,-68
2014-09-18T16:05:18+02:00,75553192bc57,0,-67,-67
2014-09-18T16:05:18+02:00,75553192bc57,0,-71,-68
2014-09-18T16:05:18+02:00,75553192bc57,0,-75,-69
2014-09-18T16:05:18+02:00,75553192bc57,0,-80,-69
2014-09-18T16:05:18+02:00,75553192bc57,0,-75,-71
2014-09-18T16:05:18+02:00,75553192bc57,0,-72,-72
2014-09-18T16:05:18+02:00,75553192bc57,0,-70,-72
2014-09-18T16:05:18+02:00,75553192bc57,0,-68,-72
2014-09-18T16:05:18+02:00,75553192bc57,0,-63,-72
2014-09-18T16:05:18+02:00,75553192bc57,0,-62,-70
2014-09-18T16:05:18+02:00,75553192bc57,0,-63,-68
2014-09-18T16:05:18+02:00,75553192bc57,0,-80,-68
2014-09-18T16:05:18+02:00,75553192bc57,0,-63,-63
2014-09-18T16:05:18+02:00,75553192bc57,0,-79,-63
2014-09-18T16:05:18+02:00,75553192bc57,0,-76,-63
2014-09-18T16:05:18+02:00,75553192bc57,0,-73,-73
2014-09-18T16:05:18+02:00,75553192bc57,0,-71,-73
2014-09-18T16:05:18+02:00,75553192bc57,0,-69,-73
2014-09-18T16:05:18+02:00,75553192bc57,0,-67,-71
2014-09-18T16:05:18+02:00,75553192bc57,0,-71,-71
2014-09-18T16:05:18+02:00,75553192bc57,0,-72,-71
2014-09-18T16:05:18+02:00,75553192bc57,0,-72,-71
2014-09-18T16:05:18+02:00,75553192bc57,0,-72,-71
2014-09-18T16:05:18+02:00,75553192bc57,0,-72,-72
2014-09-18T16:05:18+02:00,75553192bc57,0,-68,-72
2014-09-18T16:05:18+02:00,75553192bc57,0,-68,-72
2014-09-18T16:05:19+02:00,75553192bc57,0,-69,-72
2014-09-18T16:05:19+02:00,75553192bc57,0,-68,-69
2014-09-18T16:05:19+02:00,75553192bc57,0,-69,-69
2014-09-18T16:05:19+02:00,75553192bc57,0,-71,-69
2014-09-18T16:05:19+02:00,75553192bc57,0,-71,-69
2014-09-18T16:05:19+02:00,75553192bc57,0,-71,-69
2014-09-18T16:05:19+02:00,75553192bc57,0,-71,-71
2014-09-18T16:05:19+02:00,75553192bc57,0,-70,-71
2014-09-18T16:05:19+02:00,75553192bc57,0,-71,-71
2014-09-18T16:05:19+02:00,75553192bc57,0,-69,-71
2014-09-18T16:05:19+02:00,75553192bc57,0,-71,-71
2014-09-18T16:05:19+02:00,75553192bc57,0,-74,-71
2014-09-18T16:05:19+02:00,75553192bc57,0,-79,-71
2014-09-18T16:05:19+02:00,75553192bc57,0,-69,-71
2014-09-18T16:05:19+02:00,75553192bc57,0,-68,-71
2014-09-18T16:05:19+02:00,75553192bc57,0,-66,-69
2014-09-18T16:05:19+02:00,75553192bc57,0,-66,-69
2014-09-18T16:05:19+02:00,75553192bc57,0,-67,-68
2014-09-18T16:05:19+02:00,75553192bc57,0,-68,-68
2014-09-18T16:05:19+02:00,75553192bc57,0,-69,-68
2014-09-18T16:05:19+02:00,75553192bc57,0,-65,-67
2014-09-18T16:05:19+02:00,75553192bc57,0,-66,-66
2014-09-18T16:05:19+02:00,75553192bc57,0,-74,-67
2014-09-18T16:05:19+02:00,75553192bc57,0,-68,-68
2014-09-18T16:05:19+02:00,75553192bc57,0,-71,-68
2014-09-18T16:05:19+02:00,75553192bc57,0,-75,-69
2014-09-18T16:05:20+02:00,75553192bc57,0,-79,-71
2014-09-18T16:05:20+02:00,75553192bc57,0,-76,-74
2014-09-18T16:05:20+02:00,75553192bc57,0,-71,-74
2014-09-18T16:05:20+02:00,75553192bc57,0,-71,-71
2014-09-18T16:05:20+02:00,75553192bc57,0,-71,-71
2014-09-18T16:05:20+02:00,75553192bc57,0,-71,-71
2014-09-18T16:05:20+02:00,75553192bc57,0,-72,-71
2014-09-18T16:05:20+02:00,75553192bc57,0,-67,-71
2014-09-18T16:05:20+02:00,75553192bc57,0,-68,-71
2014-09-18T16:05:20+02:00,75553192bc57,0,-69,-71
2014-09-18T16:05:20+02:00,75553192bc57,0,-71,-71
2014-09-18T16:05:20+02:00,75553192bc57,0,-71,-71
2014-09-18T16:05:20+02:00,75553192bc57,0,-68,-69
2014-09-18T16:05:20+02:00,75553192bc57,0,-68,-68
2014-09-18T16:05:20+02:00,75553192bc57,0,-70,-69
2014-09-18T16:05:20+02:00,75553192bc57,0,-68,-69
2014-09-18T16:05:20+02:00,75553192bc57,0,-66,-68
2014-09-18T16:05:20+02:00,75553192bc57,0,-64,-68
2014-09-18T16:05:20+02:00,75553192bc57,0,-65,-68
2014-09-18T16:05:20+02:00,75553192bc57,0,-65,-66
2014-09-18T16:05:20+02:00,75553192bc57,0,-75,-66
2014-09-18T16:05:20+02:00,75553192bc57,0,-74,-66
2014-09-18T16:05:20+02:00,75553192bc57,0,-73,-66
2014-09-18T16:05:20+02:00,75553192bc57,0,-73,-73
2014-09-18T16:05:20+02:00,75553192bc57,0,-69,-73
2014-09-18T16:05:20+02:00,75553192bc57,0,-69,-73
2014-09-18T16:05:20+02:00,75553192bc57,0,-69,-73
2014-09-18T16:05:20+02:00,75553192bc57,0,-69,-69
2014-09-18T16:05:21+02:00,75553192bc57,0,-69,-69
2014-09-18T16:05:21+02:00,75553192bc57,0,-69,-69
2014-09-18T16:05:21+02:00,75553192bc57,0,-69,-69
2014-09-18T16:05:21+02:00,75553192bc57,0,-72,-69
2014-09-18T16:05:21+02:00,75553192bc57,0,-63,-69
2014-09-18T16:05:21+02:00,75553192bc57,0,-64,-69
2014-09-18T16:05:21+02:00,75553192bc57,0,-64,-69
2014-09-18T16:05:21+02:00,75553192bc57,0,-64,-64
2014-09-18T16:05:21+02:00,75553192bc57,0,-80,-64
2014-09-18T16:05:21+02:00,75553192bc57,0,-80,-64
2014-09-18T16:05:21+02:00,75553192bc57,0,-75,-64
2014-09-18T16:05:21+02:00,75553192bc57,0,-75,-75
2014-09-18T16:05:21+02:00,75553192bc57,0,-75,-75
2014-09-18T16:05:21+02:00,75553192bc57,0,-75,-75
2014-09-18T16:05:21+02:00,75553192bc57,0,-74,-75
2014-09-18T16:05:21+02:00,75553192bc57,0,-72,-75
2014-09-18T16:05:21+02:00,75553192bc57,0,-73,-75
2014-09-18T16:05:21+02:00,75553192bc57,0,-72,-74
2014-09-18T16:05:21+02:00,75553192bc57,0,-72,-73
2014-09-18T16:05:21+02:00,75553192bc57,0,-69,-72
2014-09-18T16:05:21+02:00,75553192bc57,0,-66,-72
2014-09-18T16:05:21+02:00,75553192bc57,0,-66,-72
2014-09-18T16:05:21+02:00,75553192bc57,0,-67,-69
2014-09-18T16:05:21+02:00,75553192bc57,0,-64,-67
2014-09-18T16:05:21+02:00,75553192bc57,0,-65,-66
2014-09-18T16:05:22+02:00,75553192bc57,0,-75,-66
2014-09-18T16:05:22+02:00,75553192bc57,0,-73,-66
2014-09-18T16:05:22+02:00,75553192bc57,0,-72,-67
2014-09-18T16:05:22+02:00,75553192bc57,0,-65,-67
2014-09-18T16:05:22+02:00,75553192bc57,0,-67,-67
2014-09-18T16:05:22+02:00,75553192bc57,0,-71,-71
2014-09-18T16:05:22+02:00,75553192bc57,0,-65,-71
2014-09-18T16:05:22+02:00,75553192bc57,0,-65,-67
2014-09-18T16:05:22+02:00,75553192bc57,0,-65,-65
2014-09-18T16:05:22+02:00,75553192bc57,0,-80,-65
2014-09-18T16:05:22+02:00,75553192bc57,0,-81,-67
2014-09-18T16:05:22+02:00,75553192bc57,0,-82,-71
2014-09-18T16:05:22+02:00,75553192bc57,0,-82,-80
2014-09-18T16:05:22+02:00,75553192bc57,0,-83,-81
2014-09-18T16:05:22+02:00,75553192bc57,0,-72,-81
2014-09-18T16:05:22+02:00,75553192bc57,0,-72,-81
2014-09-18T16:05:22+02:00,75553192bc57,0,-71,-81
2014-09-18T16:05:22+02:00,75553192bc57,0,-67,-72
2014-09-18T16:05:22+02:00,75553192bc57,0,-67,-72
2014-09-18T16:05:22+02:00,75553192bc57,0,-67,-71
2014-09-18T16:05:22+02:00,75553192bc57,0,-66,-67
2014-09-18T16:05:22+02:00,75553192bc57,0,-90,-67
2014-09-18T16:05:22+02:00,75553192bc57,0,-91,-67
2014-09-18T16:05:22+02:00,75553192bc57,0,-65,-67
2014-09-18T16:05:22+02:00,75553192bc57,0,-64,-67
2014-09-18T16:05:22+02:00,75553192bc57,0,-61,-66
2014-09-18T16:05:23+02:00,75553192bc57,0,-63,-65
2014-09-18T16:05:23+02:00,75553192bc57,0,-75,-65
2014-09-18T16:05:23+02:00,75553192bc57,0,-76,-65
2014-09-18T16:05:23+02:00,75553192bc57,0,-76,-65
2014-09-18T16:05:23+02:00,75553192bc57,0,-77,-75
2014-09-18T16:05:23+02:00,75553192bc57,0,-67,-75
2014-09-18T16:05:23+02:00,75553192bc57,0,-66,-75
2014-09-18T16:05:23+02:00,75553192bc57,0,-64,-75
2014-09-18T16:05:23+02:00,75553192bc57,0,-63,-67
2014-09-18T16:05:23+02:00,75553192bc57,0,-63,-66
2014-09-18T16:05:23+02:00,75553192bc57,0,-63,-64
2014-09-18T16:05:23+02:00,75553192bc57,0,-63,-63
2014-09-18T16:05:23+02:00,75553192bc57,0,-63,-63
2014-09-18T16:05:23+02:00,75553192bc57,0,-63,-63
2014-09-18T16:05:23+02:00,75553192bc57,0,-71,-63
2014-09-18T16:05:23+02:00,75553192bc57,0,-71,-63
2014-09-18T16:05:23+02:00,75553192bc57,0,-71,-63
2014-09-18T16:05:23+02:00,75553192bc57,0,-70,-70
2014-09-18T16:05:23+02:00,75553192bc57,0,-69,-70
2014-09-18T16:05:23+02:00,75553192bc57,0,-69,-70
2014-09-18T16:05:23+02:00,75553192bc57,0,-69,-70
2014-09-18T16:05:23+02:00,75553192bc57,0,-69,-69
2014-09-18T16:05:23+02:00,75553192bc57,0,-70,-69
2014-09-18T16:05:23+02:00,75553192bc57,0,-69,-69
2014-09-18T16:05:23+02:00,75553192bc57,0,-66,-69
2014-09-18T16:05:23+02:00,75553192bc57,0,-66,-69
2014-09-18T16:05:23+02:00,75553192bc57,0,-66,-69
2014-09-18T16:05:24+02:00,75553192bc57,0,-66,-66
2014-09-18T16:05:24+02:00,75553192bc57,0,-63,-66
2014-09-18T16:05:24+02:00,75553192bc57,0,-63,-66
2014-09-18T16:05:24+02:00,75553192bc57,0,-63,-66
2014-09-18T16:05:24+02:00,75553192bc57,0,-63,-63
2014-09-18T16:05:24+02:00,75553192bc57,0,-66,-63
2014-09-18T16:05:24+02:00,75553192bc57,0,-63,-63
2014-09-18T16:05:24+02:00,75553192bc57,0,-63,-63
2014-09-18T16:05:24+02:00,75553192bc57,0,-63,-63
2014-09-18T16:05:24+02:00,75553192bc57,0,-63,-63
2014-09-18T16:05:24+02:00,75553192bc57,0,-64,-63
2014-09-18T16:05:24+02:00,75553192bc57,0,-71,-63
2014-09-18T16:05:24+02:00,75553192bc57,0,-71,-63
2014-09-18T16:05:24+02:00,75553192bc57,0,-71,-64
2014-09-18T16:05:24+02:00,75553192bc57,0,-70,-70
2014-09-18T16:05:24+02:00,75553192bc57,0,-70,-70
2014-09-18T16:05:24+02:00,75553192bc57,0,-70,-70
2014-09-18T16:05:24+02:00,75553192bc57,0,-69,-70
2014-09-18T16:05:24+02:00,75553192bc57,0,-69,-70
2014-09-18T16:05:24+02:00,75553192bc57,0,-67,-70
2014-09-18T16:05:24+02:00,75553192bc57,0,-67,-69
2014-09-18T16:05:24+02:00,75553192bc57,0,-67,-69
2014-09-18T16:05:24+02:00,75553192bc57,0,-65,-67
2014-09-18T16:05:24+02:00,75553192bc57,0,-65,-67
2014-09-18T16:05:24+02:00,75553192bc57,0,-65,-67
2014-09-18T16:05:24+02:00,75553192bc57,0,-65,-65
2014-09-18T16:05:24+02:00,75553192bc57,0,-63,-65
2014-09-18T16:05:25+02:00,75553192bc57,0,-63,-65
2014-09-18T16:05:25+02:00,75553192bc57,0,-66,-65
2014-09-18T16:05:25+02:00,75553192bc57,0,-65,-65
2014-09-18T16:05:25+02:00,75553192bc57,0,-69,-65
2014-09-18T16:05:25+02:00,75553192bc57,0,-69,-65
2014-09-18T16:05:25+02:00,75553192bc57,0,-69,-66
2014-09-18T16:05:25+02:00,75553192bc57,0,-70,-69
2014-09-18T16:05:25+02:00,75553192bc57,0,-70,-69
2014-09-18T16:05:25+02:00,75553192bc57,0,-70,-69
2014-09-18T16:05:25+02:00,75553192bc57,0,-71,-70
2014-09-18T16:05:25+02:00,75553192bc57,0,-71,-70
2014-09-18T16:05:25+02:00,75553192bc57,0,-71,-70
2014-09-18T16:05:25+02:00,75553192bc57,0,-65,-70
2014-09-18T16:05:25+02:00,75553192bc57,0,-65,-70
2014-09-18T16:05:25+02:00,75553192bc57,0,-70,-70
2014-09-18T16:05:25+02:00,75553192bc57,0,-64,-70
2014-09-18T16:05:25+02:00,75553192bc57,0,-64,-65
2014-09-18T16:05:25+02:00,75553192bc57,0,-65,-65
2014-09-18T16:05:25+02:00,75553192bc57,0,-65,-65
2014-09-18T16:05:25+02:00,75553192bc57,0,-65,-65
2014-09-18T16:05:25+02:00,75553192bc57,0,-65,-65
2014-09-18T16:05:25+02:00,75553192bc57,0,-62,-65
2014-09-18T16:05:25+02:00,75553192bc57,0,-62,-65
2014-09-18T16:05:25+02:00,75553192bc57,0,-62,-65
2014-09-18T16:05:25+02:00,75553192bc57,0,-63,-63
2014-09-18T16:05:25+02:00,75553192bc57,0,-63,-63
2014-09-18T16:05:25+02:00,75553192bc57,0,-77,-63
2014-09-18T16:05:25+02:00,75553192bc57,0,-77,-63
2014-09-18T16:05:26+02:00,75553192bc57,0,-71,-63
2014-09-18T16:05:26+02:00,75553192bc57,0,-72,-71
2014-09-18T16:05:26+02:00,75553192bc57,0,-73,-72
2014-09-18T16:05:26+02:00,75553192bc57,0,-74,-73
2014-09-18T16:05:26+02:00,75553192bc57,0,-78,-74
2014-09-18T16:05:26+02:00,75553192bc57,0,-67,-73
2014-09-18T16:05:26+02:00,75553192bc57,0,-67,-72
2014-09-18T16:05:26+02:00,75553192bc57,0,-78,-73
2014-09-18T16:05:26+02:00,75553192bc57,0,-76,-74
2014-09-18T16:05:26+02:00,75553192bc57,0,-75,-75
2014-09-18T16:05:26+02:00,75553192bc57,0,-68,-75
2014-09-18T16:05:26+02:00,75553192bc57,0,-67,-68
2014-09-18T16:05:26+02:00,75553192bc57,0,-67,-68
2014-09-18T16:05:26+02:00,75553192bc57,0,-67,-68
2014-09-18T16:05:26+02:00,75553192bc57,0,-63,-67
2014-09-18T16:05:26+02:00,75553192bc57,0,-60,-67
2014-09-18T16:05:26+02:00,75553192bc57,0,-62,-67
2014-09-18T16:05:26+02:00,75553192bc57,0,-62,-63
2014-09-18T16:05:26+02:00,75553192bc57,0,-62,-62
2014-09-18T16:05:26+02:00,75553192bc57,0,-62,-62
2014-09-18T16:05:26+02:00,75553192bc57,0,-64,-62
2014-09-18T16:05:26+02:00,75553192bc57,0,-62,-62
2014-09-18T16:05:26+02:00,75553192bc57,0,-60,-62
2014-09-18T16:05:26+02:00,75553192bc57,0,-60,-62
2014-09-18T16:05:26+02:00,75553192bc57,0,-60,-62
2014-09-18T16:05:26+02:00,75553192bc57,0,-60,-60
2014-09-18T16:05:26+02:00,75553192bc57,0,-69,-60
2014-09-18T16:05:27+02:00,75553192bc57,0,-69,-60
2014-09-18T16:05:27+02:00,75553192bc57,0,-69,-60
2014-09-18T16:05:27+02:00,75553192bc57,0,-69,-69
2014-09-18T16:05:27+02:00,75553192bc57,0,-69,-69
2014-09-18T16:05:27+02:00,75553192bc57,0,-64,-69
2014-09-18T16:05:27+02:00,75553192bc57,0,-62,-69
2014-09-18T16:05:27+02:00,75553192bc57,0,-65,-69
2014-09-18T16:05:27+02:00,75553192bc57,0,-62,-65
2014-09-18T16:05:27+02:00,75553192bc57,0,-62,-64
2014-09-18T16:05:27+02:00,75553192bc57,0,-62,-62
2014-09-18T16:05:27+02:00,75553192bc57,0,-61,-62
2014-09-18T16:05:27+02:00,75553192bc57,0,-70,-62
2014-09-18T16:05:27+02:00,75553192bc57,0,-70,-62
2014-09-18T16:05:27+02:00,75553192bc57,0,-70,-62
2014-09-18T16:05:27+02:00,75553192bc57,0,-70,-70
2014-09-18T16:05:27+02:00,75553192bc57,0,-70,-70
2014-09-18T16:05:27+02:00,75553192bc57,0,-64,-70
2014-09-18T16:05:27+02:00,75553192bc57,0,-64,-70
2014-09-18T16:05:27+02:00,75553192bc57,0,-64,-70
2014-09-18T16:05:27+02:00,75553192bc57,0,-64,-64
2014-09-18T16:05:27+02:00,75553192bc57,0,-64,-64
2014-09-18T16:05:27+02:00,75553192bc57,0,-63,-64
2014-09-18T16:05:27+02:00,75553192bc57,0,-64,-64
2014-09-18T16:05:27+02:00,75553192bc57,0,-63,-64
2014-09-18T16:05:27+02:00,75553192bc57,0,-62,-64
2014-09-18T16:05:27+02:00,75553192bc57,0,-62,-63
2014-09-18T16:05:28+02:00,75553192bc57,0,-62,-63
2014-09-18T16:05:28+02:00,75553192bc57,0,-62,-62
2014-09-18T16:05:28+02:00,75553192bc57,0,-62,-62
2014-09-18T16:05:28+02:00,75553192bc57,0,-62,-62
2014-09-18T16:05:28+02:00,75553192bc57,0,-62,-62
2014-09-18T16:05:28+02:00,75553192bc57,0,-70,-62
2014-09-18T16:05:28+02:00,75553192bc57,0,-70,-62
2014-09-18T16:05:28+02:00,75553192bc57,0,-70,-62
2014-09-18T16:05:28+02:00,75553192bc57,0,-70,-70
2014-09-18T16:05:28+02:00,75553192bc57,0,-70,-70
2014-09-18T16:05:28+02:00,75553192bc57,0,-70,-70
2014-09-18T16:05:28+02:00,75553192bc57,0,-63,-70
2014-09-18T16:05:28+02:00,75553192bc57,0,-63,-70
2014-09-18T16:05:28+02:00,75553192bc57,0,-63,-70
2014-09-18T16:05:28+02:00,75553192bc57,0,-62,-63
2014-09-18T16:05:28+02:00,75553192bc57,0,-62,-63
2014-09-18T16:05:28+02:00,75553192bc57,0,-62,-63
2014-09-18T16:05:28+02:00,75553192bc57,0,-62,-62
2014-09-18T16:05:28+02:00,75553192bc57,0,-62,-62
2014-09-18T16:05:28+02:00,75553192bc57,0,-70,-62
2014-09-18T16:05:28+02:00,75553192bc57,0,-70,-62
2014-09-18T16:05:28+02:00,75553192bc57,0,-70,-62
2014-09-18T16:05:28+02:00,75553192bc57,0,-70,-70
2014-09-18T16:05:28+02:00,75553192bc57,0,-64,-70
2014-09-18T16:05:28+02:00,75553192bc57,0,-64,-70
2014-09-18T16:05:28+02:00,75553192bc57,0,-62,-70
2014-09-18T16:05:28+02:00,75553192bc57,0,-61,-64
2014-09-18T16:05:28+02:00,75553192bc57,0,-63,-64
2014-09-18T16:05:29+02:00,75553192bc57,0,-62,-63
2014-09-18T16:05:29+02:00,75553192bc57,0,-70,-63
2014-09-18T16:05:29+02:00,75553192bc57,0,-70,-63
2014-09-18T16:05:29+02:00,75553192bc57,0,-70,-63
2014-09-18T16:05:29+02:00,75553192bc57,0,-70,-70
2014-09-18T16:05:29+02:00,75553192bc57,0,-70,-70
2014-09-18T16:05:29+02:00,75553192bc57,0,-70,-70
2014-09-18T16:05:29+02:00,75553192bc57,0,-69,-70
2014-09-18T16:05:29+02:00,75553192bc57,0,-69,-70
2014-09-18T16:05:29+02:00,75553192bc57,0,-69,-70
2014-09-18T16:05:29+02:00,75553192bc57,0,-64,-69
2014-09-18T16:05:29+02:00,75553192bc57,0,-64,-69
2014-09-18T16:05:29+02:00,75553192bc57,0,-64,-69
2014-09-18T16:05:29+02:00,75553192bc57,0,-65,-65
2014-09-18T16:05:29+02:00,75553192bc57,0,-63,-64
2014-09-18T16:05:29+02:00,75553192bc57,0,-63,-64
2014-09-18T16:05:29+02:00,75553192bc57,0,-63,-64
2014-09-18T16:05:29+02:00,75553192bc57,0,-63,-63
2014-09-18T16:05:29+02:00,75553192bc57,0,-70,-63
2014-09-18T16:05:29+02:00,75553192bc57,0,-70,-63
2014-09-18T16:05:29+02:00,75553192bc57,0,-70,-63
2014-09-18T16:05:29+02:00,75553192bc57,0,-69,-69
2014-09-18T16:05:29+02:00,75553192bc57,0,-64,-69
2014-09-18T16:05:29+02:00,75553192bc57,0,-64,-69
2014-09-18T16:05:29+02:00,75553192bc57,0,-64,-69
2014-09-18T16:05:30+02:00,75553192bc57,0,-62,-64
2014-09-18T16:05:30+02:00,75553192bc57,0,-62,-64
2014-09-18T16:05:30+02:00,75553192bc57,0,-69,-64
2014-09-18T16:05:30+02:00,75553192bc57,0,-69,-64
2014-09-18T16:05:30+02:00,75553192bc57,0,-69,-64
2014-09-18T16:05:30+02:00,75553192bc57,0,-70,-69
2014-09-18T16:05:30+02:00,75553192bc57,0,-70,-69
2014-09-18T16:05:30+02:00,75553192bc57,0,-69,-69
2014-09-18T16:05:30+02:00,75553192bc57,0,-69,-69
2014-09-18T16:05:30+02:00,75553192bc57,0,-69,-69
2014-09-18T16:05:30+02:00,75553192bc57,0,-68,-69
2014-09-18T16:05:30+02:00,75553192bc57,0,-62,-69
2014-09-18T16:05:30+02:00,75553192bc57,0,-65,-69
2014-09-18T16:05:30+02:00,75553192bc57,0,-65,-68
2014-09-18T16:05:30+02:00,75553192bc57,0,-65,-65
2014-09-18T16:05:30+02:00,75553192bc57,0,-65,-65
2014-09-18T16:05:30+02:00,75553192bc57,0,-65,-65
2014-09-18T16:05:30+02:00,75553192bc57,0,-70,-65
2014-09-18T16:05:30+02:00,75553192bc57,0,-64,-65
2014-09-18T16:05:30+02:00,75553192bc57,0,-64,-65
2014-09-18T16:05:30+02:00,75553192bc57,0,-64,-65
2014-09-18T16:05:30+02:00,75553192bc57,0,-63,-64
2014-09-18T16:05:30+02:00,75553192bc57,0,-64,-64
2014-09-18T16:05:30+02:00,75553192bc57,0,-64,-64
2014-09-18T16:05:30+02:00,75553192bc57,0,-64,-64
2014-09-18T16:05:30+02:00,75553192bc57,0,-62,-64
2014-09-18T16:05:30+02:00,75553192bc57,0,-62,-64
2014-09-18T16:05:30+02:00,75553192bc57,0,-62,-63
2014-09-18T16:05:31+02:00,75553192bc57,0,-62,-62
2014-09-18T16:05:31+02:00,75553192bc57,0,-60,-62
2014-09-18T16:05:31+02:00,75553192bc57,0,-69,-62
2014-09-18T16:05:31+02:00,75553192bc57,0,-69,-62
2014-09-18T16:05:31+02:00,75553192bc57,0,-69,-62
2014-09-18T16:05:31+02:00,75553192bc57,0,-69,-69
2014-09-18T16:05:31+02:00,75553192bc57,0,-63,-69
2014-09-18T16:05:31+02:00,75553192bc57,0,-63,-69
2014-09-18T16:05:31+02:00,75553192bc57,0,-63,-69
2014-09-18T16:05:31+02:00,75553192bc57,0,-63,-63
2014-09-18T16:05:31+02:00,75553192bc57,0,-63,-63
2014-09-18T16:05:31+02:00,75553192bc57,0,-60,-63
2014-09-18T16:05:31+02:00,75553192bc57,0,-60,-63
2014-09-18T16:05:31+02:00,75553192bc57,0,-60,-63
2014-09-18T16:05:31+02:00,75553192bc57,0,-60,-60
2014-09-18T16:05:31+02:00,75553192bc57,0,-68,-60
2014-09-18T16:05:31+02:00,75553192bc57,0,-68,-60
2014-09-18T16:05:31+02:00,75553192bc57,0,-63,-60
2014-09-18T16:05:31+02:00,75553192bc57,0,-62,-62
2014-09-18T16:05:31+02:00,75553192bc57,0,-62,-62
2014-09-18T16:05:31+02:00,75553192bc57,0,-63,-63
2014-09-18T16:05:31+02:00,75553192bc57,0,-62,-63
2014-09-18T16:05:31+02:00,75553192bc57,0,-62,-62
2014-09-18T16:05:31+02:00,75553192bc57,0,-62,-62
2014-09-18T16:05:31+02:00,75553192bc57,0,-61,-62
2014-09-18T16:05:31+02:00,75553192bc57,0,-61,-62
2014-09-18T16:05:32+02:00,75553192bc57,0,-62,-62
2014-09-18T16:05:32+02:00,75553192bc57,0,-62,-62
2014-09-18T16:05:32+02:00,75553192bc57,0,-68,-62
2014-09-18T16:05:32+02:00,75553192bc57,0,-68,-62
2014-09-18T16:05:32+02:00,75553192bc57,0,-68,-62
2014-09-18T16:05:32+02:00,75553192bc57,0,-63,-63
2014-09-18T16:05:32+02:00,75553192bc57,0,-63,-63
2014-09-18T16:05:32+02:00,75553192bc57,0,-63,-63
2014-09-18T16:05:32+02:00,75553192bc57,0,-60,-63
2014-09-18T16:05:32+02:00,75553192bc57,0,-62,-63
2014-09-18T16:05:32+02:00,75553192bc57,0,-62,-63
2014-09-18T16:05:32+02:00,75553192bc57,0,-62,-62
2014-09-18T16:05:32+02:00,75553192bc57,0,-62,-62
2014-09-18T16:05:32+02:00,75553192bc57,0,-62,-62
2014-09-18T16:05:32+02:00,75553192bc57,0,-62,-62
2014-09-18T16:05:32+02:00,75553192bc57,0,-62,-62
2014-09-18T16:05:32+02:00,75553192bc57,0,-62,-62
2014-09-18T16:05:32+02:00,75553192bc57,0,-62,-62
2014-09-18T16:05:32+02:00,75553192bc57,0,-62,-62
2014-09-18T16:05:32+02:00,75553192bc57,0,-69,-62
2014-09-18T16:05:32+02:00,75553192bc57,0,-69,-62
2014-09-18T16:05:32+02:00,75553192bc57,0,-69,-62
2014-09-18T16:05:32+02:00,75553192bc57,0,-64,-64
2014-09-18T16:05:33+02:00,75553192bc57,0,-64,-64
2014-09-18T16:05:33+02:00,75553192bc57,0,-65,-65
2014-09-18T16:05:33+02:00,75553192bc57,0,-64,-65
2014-09-18T16:05:33+02:00,75553192bc57,0,-64,-64
2014-09-18T16:05:33+02:00,75553192bc57,0,-69,-64
2014-09-18T16:05:33+02:00,75553192bc57,0,-69,-64
2014-09-18T16:05:33+02:00,75553192bc57,0,-64,-64
2014-09-18T16:05:33+02:00,75553192bc57,0,-64,-64
2014-09-18T16:05:33+02:00,75553192bc57,0,-64,-64
2014-09-18T16:05:33+02:00,75553192bc57,0,-64,-64
2014-09-18T16:05:33+02:00,75553192bc57,0,-64,-64
2014-09-18T16:05:33+02:00,75553192bc57,0,-64,-64
2014-09-18T16:05:33+02:00,75553192bc57,0,-62,-64
2014-09-18T16:05:33+02:00,75553192bc57,0,-61,-64
2014-09-18T16:05:33+02:00,75553192bc57,0,-63,-64
2014-09-18T16:05:33+02:00,75553192bc57,0,-62,-63
2014-09-18T16:05:33+02:00,75553192bc57,0,-63,-63
2014-09-18T16:05:33+02:00,75553192bc57,0,-61,-62
2014-09-18T16:05:33+02:00,75553192bc57,0,-69,-62
2014-09-18T16:05:33+02:00,75553192bc57,0,-70,-63
2014-09-18T16:05:33+02:00,75553192bc57,0,-69,-63
2014-09-18T16:05:33+02:00,75553192bc57,0,-64,-64
2014-09-18T16:05:33+02:00,75553192bc57,0,-64,-64
2014-09-18T16:05:33+02:00,75553192bc57,0,-64,-64
2014-09-18T16:05:33+02:00,75553192bc57,0,-64,-64
2014-09-18T16:05:33+02:00,75553192bc57,0,-64,-64
2014-09-18T16:05:33+02:00,75553192bc57,0,-64,-64
2014-09-18T16:05:33+02:00,75553192bc57,0,-63,-64
2014-09-18T16:05:34+02:00,75553192bc57,0,-64,-64
2014-09-18T16:05:34+02:00,75553192bc57,0,-63,-64
2014-09-18T16:05:34+02:00,75553192bc57,0,-63,-64
2014-09-18T16:05:34+02:00,75553192bc57,0,-61,-63
2014-09-18T16:05:34+02:00,75553192bc57,0,-61,-63
2014-09-18T16:05:34+02:00,75553192bc57,0,-62,-63
2014-09-18T16:05:34+02:00,75553192bc57,0,-62,-62
2014-09-18T16:05:34+02:00,75553192bc57,0,-61,-62
2014-09-18T16:05:34+02:00,75553192bc57,0,-69,-62
2014-09-18T16:05:34+02:00,75553192bc57,0,-69,-62
2014-09-18T16:05:34+02:00,75553192bc57,0,-69,-62
2014-09-18T16:05:34+02:00,75553192bc57,0,-69,-69
2014-09-18T16:05:34+02:00,75553192bc57,0,-63,-69
2014-09-18T16:05:34+02:00,75553192bc57,0,-69,-69
2014-09-18T16:05:34+02:00,75553192bc57,0,-69,-69
2014-09-18T16:05:34+02:00,75553192bc57,0,-63,-69
2014-09-18T16:05:34+02:00,75553192bc57,0,-63,-69
2014-09-18T16:05:34+02:00,75553192bc57,0,-62,-63
2014-09-18T16:05:34+02:00,75553192bc57,0,-62,-63
2014-09-18T16:05:34+02:00,75553192bc57,0,-61,-63
2014-09-18T16:05:34+02:00,75553192bc57,0,-62,-62
2014-09-18T16:05:34+02:00,75553192bc57,0,-61,-62
2014-09-18T16:05:34+02:00,75553192bc57,0,-61,-62
2014-09-18T16:05:34+02:00,75553192bc57,0,-61,-61
2014-09-18T16:05:34+02:00,75553192bc57,0,-68,-61
2014-09-18T16:05:34+02:00,75553192bc57,0,-69,-61
2014-09-18T16:05:34+02:00,75553192bc57,0,-69,-62
2014-09-18T16:05:34+02:00,75553192bc57,0,-69,-68
2014-09-18T16:05:34+02:00,75553192bc57,0,-68,-68
2014-09-18T16:05:35+02:00,75553192bc57,0,-69,-69
2014-09-18T16:05:35+02:00,75553192bc57,0,-69,-69
2014-09-18T16:05:35+02:00,75553192bc57,0,-69,-69
2014-09-18T16:05:35+02:00,75553192bc57,0,-63,-69
2014-09-18T16:05:35+02:00,75553192bc57,0,-63,-69
2014-09-18T16:05:35+02:00,75553192bc57,0,-63,-68
2014-09-18T16:05:35+02:00,75553192bc57,0,-63,-63
2014-09-18T16:05:35+02:00,75553192bc57,0,-62,-63
2014-09-18T16:05:35+02:00,75553192bc57,0,-62,-63
2014-09-18T16:05:35+02:00,75553192bc57,0,-62,-63
2014-09-18T16:05:35+02:00,75553192bc57,0,-62,-62
2014-09-18T16:05:35+02:00,75553192bc57,0,-62,-62
2014-09-18T16:05:35+02:00,75553192bc57,0,-62,-62
2014-09-18T16:05:35+02:00,75553192bc57,0,-62,-62
2014-09-18T16:05:35+02:00,75553192bc57,0,-60,-62
2014-09-18T16:05:35+02:00,75553192bc57,0,-62,-62
2014-09-18T16:05:35+02:00,75553192bc57,0,-69,-62
2014-09-18T16:05:35+02:00,75553192bc57,0,-69,-62
2014-09-18T16:05:35+02:00,75553192bc57,0,-69,-62
2014-09-18T16:05:35+02:00,75553192bc57,0,-61,-62
2014-09-18T16:05:35+02:00,75553192bc57,0,-60,-62
2014-09-18T16:05:35+02:00,75553192bc57,0,-61,-62
2014-09-18T16:05:35+02:00,75553192bc57,0,-59,-61
2014-09-18T16:05:35+02:00,75553192bc57,0,-60,-61
2014-09-18T16:05:35+02:00,75553192bc57,0,-61,-61
2014-09-18T16:05:35+02:00,75553192bc57,0,-61,-61
2014-09-18T16:05:35+02:00,75553192bc57,0,-69,-61
2014-09-18T16:05:35+02:00,75553192bc57,0,-69,-61
2014-09-18T16:05:35+02:00,75553192bc57,0,-70,-61
2014-09-18T16:05:36+02:00,75553192bc57,0,-61,-61
2014-09-18T16:05:36+02:00,75553192bc57,0,-61,-61
2014-09-18T16:05:36+02:00,75553192bc57,0,-61,-61
2014-09-18T16:05:36+02:00,75553192bc57,0,-60,-61
2014-09-18T16:05:36+02:00,75553192bc57,0,-60,-61
2014-09-18T16:05:36+02:00,75553192bc57,0,-61,-61
2014-09-18T16:05:36+02:00,75553192bc57,0,-70,-61
2014-09-18T16:05:36+02:00,75553192bc57,0,-69,-61
2014-09-18T16:05:36+02:00,75553192bc57,0,-69,-61
2014-09-18T16:05:36+02:00,75553192bc57,0,-69,-69
2014-09-18T16:05:36+02:00,75553192bc57,0,-62,-69
2014-09-18T16:05:36+02:00,75553192bc57,0,-62,-69
2014-09-18T16:05:36+02:00,75553192bc57,0,-62,-69
2014-09-18T16:05:36+02:00,75553192bc57,0,-62,-62
2014-09-18T16:05:36+02:00,75553192bc57,0,-61,-62
2014-09-18T16:05:36+02:00,75553192bc57,0,-61,-62
2014-09-18T16:05:36+02:00,75553192bc57,0,-60,-62
2014-09-18T16:05:36+02:00,75553192bc57,0,-60,-61
2014-09-18T16:05:36+02:00,75553192bc57,0,-69,-61
2014-09-18T16:05:36+02:00,75553192bc57,0,-69,-61
2014-09-18T16:05:36+02:00,75553192bc57,0,-61,-61
2014-09-18T16:05:36+02:00,75553192bc57,0,-62,-61
2014-09-18T16:05:36+02:00,75553192bc57,0,-62,-62
2014-09-18T16:05:36+02:00,75553192bc57,0,-62,-62
2014-09-18T16:05:36+02:00,75553192bc57,0,-61,-62
2014-09-18T16:05:36+02:00,75553192bc57,0,-61,-62
2014-09-18T16:05:36+02:00,75553192bc57,0,-61,-61
2014-09-18T16:05:37+02:00,75553192bc57,0,-61,-61
2014-09-18T16:05:37+02:00,75553192bc57,0,-61,-61
2014-09-18T16:05:37+02:00,75553192bc57,0,-61,-61
2014-09-18T16:05:37+02:00,75553192bc57,0,-61,-61
2014-09-18T16:05:37+02:00,75553192bc57,0,-61,-61
2014-09-18T16:05:37+02:00,75553192bc57,0,-60,-61
2014-09-18T16:05:37+02:00,75553192bc57,0,-69,-61
2014-09-18T16:05:37+02:00,75553192bc57,0,-69,-61
2014-09-18T16:05:37+02:00,75553192bc57,0,-69,-61
2014-09-18T16:05:37+02:00,75553192bc57,0,-62,-62
2014-09-18T16:05:37+02:00,75553192bc57,0,-62,-62
2014-09-18T16:05:37+02:00,75553192bc57,0,-62,-62
2014-09-18T16:05:37+02:00,75553192bc57,0,-62,-62
2014-09-18T16:05:37+02:00,75553192bc57,0,-63,-62
2014-09-18T16:05:37+02:00,75553192bc57,0,-63,-62
2014-09-18T16:05:37+02:00,75553192bc57,0,-63,-62
2014-09-18T16:05:37+02:00,75553192bc57,0,-62,-62
2014-09-18T16:05:37+02:00,75553192bc57,0,-62,-62
2014-09-18T16:05:37+02:00,75553192bc57,0,-63,-63
2014-09-18T16:05:37+02:00,75553192bc57,0,-63,-63
2014-09-18T16:05:37+02:00,75553192bc57,0,-62,-63
2014-09-18T16:05:37+02:00,75553192bc57,0,-60,-62
2014-09-18T16:05:37+02:00,75553192bc57,0,-62,-62
2014-09-18T16:05:37+02:00,75553192bc57,0,-69,-62
2014-09-18T16:05:37+02:00,75553192bc57,0,-68,-63
2014-09-18T16:05:37+02:00,75553192bc57,0,-63,-63
2014-09-18T16:05:37+02:00,75553192bc57,0,-63,-63
2014-09-18T16:05:38+02:00,75553192bc57,0,-63,-63
2014-09-18T16:05:38+02:00,75553192bc57,0,-64,-63
2014-09-18T16:05:38+02:00,75553192bc57,0,-62,-63
2014-09-18T16:05:38+02:00,75553192bc57,0,-62,-63
2014-09-18T16:05:38+02:00,75553192bc57,0,-61,-63
2014-09-18T16:05:38+02:00,75553192bc57,0,-63,-63
2014-09-18T16:05:38+02:00,75553192bc57,0,-64,-63
2014-09-18T16:05:38+02:00,75553192bc57,0,-63,-63
2014-09-18T16:05:38+02:00,75553192bc57,0,-63,-63
2014-09-18T16:05:38+02:00,75553192bc57,0,-63,-63
2014-09-18T16:05:38+02:00,75553192bc57,0,-69,-63
2014-09-18T16:05:38+02:00,75553192bc57,0,-69,-63
2014-09-18T16:05:38+02:00,75553192bc57,0,-69,-64
2014-09-18T16:05:38+02:00,75553192bc57,0,-69,-69
2014-09-18T16:05:38+02:00,75553192bc57,0,-68,-69
2014-09-18T16:05:38+02:00,75553192bc57,0,-68,-69
2014-09-18T16:05:38+02:00,75553192bc57,0,-68,-69
2014-09-18T16:05:38+02:00,75553192bc57,0,-65,-68
2014-09-18T16:05:38+02:00,75553192bc57,0,-65,-68
2014-09-18T16:05:38+02:00,75553192bc57,0,-65,-68
2014-09-18T16:05:38+02:00,75553192bc57,0,-65,-65
2014-09-18T16:05:38+02:00,75553192bc57,0,-65,-65
2014-09-18T16:05:38+02:00,75553192bc57,0,-63,-65
2014-09-18T16:05:38+02:00,75553192bc57,0,-62,-65
2014-09-18T16:05:38+02:00,75553192bc57,0,-63,-65
2014-09-18T16:05:39+02:00,75553192bc57,0,-63,-63
2014-09-18T16:05:39+02:00,75553192bc57,0,-68,-63
2014-09-18T16:05:39+02:00,75553192bc57,0,-69,-63
2014-09-18T16:05:39+02:00,75553192bc57,0,-69,-63
2014-09-18T16:05:39+02:00,75553192bc57,0,-69,-68
2014-09-18T16:05:39+02:00,75553192bc57,0,-69,-69
2014-09-18T16:05:39+02:00,75553192bc57,0,-69,-69
2014-09-18T16:05:39+02:00,75553192bc57,0,-65,-69
2014-09-18T16:05:39+02:00,75553192bc57,0,-65,-69
2014-09-18T16:05:39+02:00,75553192bc57,0,-65,-69
2014-09-18T16:05:39+02:00,75553192bc57,0,-66,-66
2014-09-18T16:05:39+02:00,75553192bc57,0,-66,-66
2014-09-18T16:05:39+02:00,75553192bc57,0,-63,-65
2014-09-18T16:05:39+02:00,75553192bc57,0,-63,-65
2014-09-18T16:05:39+02:00,75553192bc57,0,-63,-65
2014-09-18T16:05:39+02:00,75553192bc57,0,-63,-63
2014-09-18T16:05:39+02:00,75553192bc57,0,-63,-63
2014-09-18T16:05:39+02:00,75553192bc57,0,-63,-63
2014-09-18T16:05:39+02:00,75553192bc57,0,-63,-63
2014-09-18T16:05:39+02:00,75553192bc57,0,-69,-63
2014-09-18T16:05:39+02:00,75553192bc57,0,-69,-63
2014-09-18T16:05:39+02:00,75553192bc57,0,-69,-63
2014-09-18T16:05:39+02:00,75553192bc57,0,-69,-69
2014-09-18T16:05:39+02:00,75553192bc57,0,-66,-69
2014-09-18T16:05:39+02:00,75553192bc57,0,-66,-69
2014-09-18T16:05:39+02:00,75553192bc57,0,-66,-69
2014-09-18T16:05:39+02:00,75553192bc57,0,-66,-66
2014-09-18T16:05:40+02:00,75553192bc57,0,-66,-66
2014-09-18T16:05:40+02:00,75553192bc57,0,-66,-66
2014-09-18T16:05:40+02:00,75553192bc57,0,-66,-66
2014-09-18T16:05:40+02:00,75553192bc57,0,-65,-66
2014-09-18T16:05:40+02:00,75553192bc57,0,-66,-66
2014-09-18T16:05:40+02:00,75553192bc57,0,-64,-66
2014-09-18T16:05:40+02:00,75553192bc57,0,-63,-66
2014-09-18T16:05:40+02:00,75553192bc57,0,-62,-65
2014-09-18T16:05:40+02:00,75553192bc57,0,-64,-64
2014-09-18T16:05:40+02:00,75553192bc57,0,-70,-64
2014-09-18T16:05:40+02:00,75553192bc57,0,-71,-64
2014-09-18T16:05:40+02:00,75553192bc57,0,-70,-64
2014-09-18T16:05:40+02:00,75553192bc57,0,-70,-70
2014-09-18T16:05:40+02:00,75553192bc57,0,-70,-70
2014-09-18T16:05:40+02:00,75553192bc57,0,-70,-70
2014-09-18T16:05:40+02:00,75553192bc57,0,-70,-70
2014-09-18T16:05:40+02:00,75553192bc57,0,-66,-70
2014-09-18T16:05:40+02:00,75553192bc57,0,-66,-70
2014-09-18T16:05:40+02:00,75553192bc57,0,-65,-70
2014-09-18T16:05:40+02:00,75553192bc57,0,-62,-66
2014-09-18T16:05:40+02:00,75553192bc57,0,-63,-66
2014-09-18T16:05:40+02:00,75553192bc57,0,-63,-65
2014-09-18T16:05:40+02:00,75553192bc57,0,-63,-63
2014-09-18T16:05:40+02:00,75553192bc57,0,-65,-63
2014-09-18T16:05:40+02:00,75553192bc57,0,-65,-63
2014-09-18T16:05:40+02:00,75553192bc57,0,-65,-63
2014-09-18T16:05:40+02:00,75553192bc57,0,-65,-65
2014-09-18T16:05:40+02:00,75553192bc57,0,-64,-65
2014-09-18T16:05:41+02:00,75553192bc57,0,-61,-65
2014-09-18T16:05:41+02:00,75553192bc57,0,-63,-65
2014-09-18T16:05:41+02:00,75553192bc57,0,-63,-64
2014-09-18T16:05:41+02:00,75553192bc57,0,-70,-64
2014-09-18T16:05:41+02:00,75553192bc57,0,-70,-64
2014-09-18T16:05:41+02:00,75553192bc57,0,-70,-64
2014-09-18T16:05:41+02:00,75553192bc57,0,-69,-69
2014-09-18T16:05:41+02:00,75553192bc57,0,-65,-69
2014-09-18T16:05:41+02:00,75553192bc57,0,-65,-69
2014-09-18T16:05:41+02:00,75553192bc57,0,-63,-69
2014-09-18T16:05:41+02:00,75553192bc57,0,-63,-65
2014-09-18T16:05:41+02:00,75553192bc57,0,-63,-65
2014-09-18T16:05:41+02:00,75553192bc57,0,-63,-63
2014-09-18T16:05:41+02:00,75553192bc57,0,-63,-63
2014-09-18T16:05:41+02:00,75553192bc57,0,-63,-63
2014-09-18T16:05:41+02:00,75553192bc57,0,-63,-63
2014-09-18T16:05:41+02:00,75553192bc57,0,-63,-63
